{"global_step": 1600, "_timestamp": 1648132855.8821344, "rollout/ep_len_mean": 400.0, "rollout/ep_rew_mean": 0.651825487613678, "time/fps": 29.0, "_runtime": 69, "_step": 1, "train/approx_kl": 0.008286768570542336, "train/clip_fraction": 0.09162499755620956, "train/clip_range": 0.20000000298023224, "train/entropy_loss": -9.917993545532227, "train/explained_variance": 0.5890908241271973, "train/learning_rate": 0.0003000000142492354, "train/loss": -0.016276944428682327, "train/policy_gradient_loss": -0.0028103473596274853, "train/std": 0.9954157471656799, "train/value_loss": 0.6096088290214539, "_wandb": {"runtime": 95}}