{"global_step": 60, "_timestamp": 1648136146.9387608, "rollout/ep_len_mean": 20.0, "rollout/ep_rew_mean": 0.04439200088381767, "time/fps": 12.0, "_runtime": 15, "_step": 0, "_wandb": {"runtime": 24}}