{"global_step": 12600, "_timestamp": 1648125783.0101159, "time/fps": 13.0, "_runtime": 915, "_step": 20, "rollout/ep_len_mean": 400.0, "rollout/ep_rew_mean": 6.534865856170654, "train/approx_kl": 0.0075856284238398075, "train/clip_fraction": 0.09133333712816238, "train/clip_range": 0.20000000298023224, "train/entropy_loss": -11.163459777832031, "train/explained_variance": -2.384185791015625e-07, "train/learning_rate": 0.0003000000142492354, "train/loss": -0.005076280795037746, "train/policy_gradient_loss": -0.005853129550814629, "train/std": 0.9760251045227051, "train/value_loss": 0.004673986230045557, "_wandb": {"runtime": 930}}